id,model_name,f1,f2,f3,f4,f5,f6,f7,f8,f9,f10,f11,f12
0,alcaraz,0.02459016393442617,0.06557377049180332,0.01844262295081967,0.4856557377049182,0.07172131147540987,0.07991803278688532,0.08196721311475412,0.04303278688524589,0.0819672131147542,0.02049180327868845,0.006147540983606608,0.020491803278688343
1,sinner,0.07922912205567448,0.012847965738758054,0.01605995717344752,0.2944325481798716,0.16059957173447548,0.16809421841541752,0.10064239828693802,0.022483940042826528,0.08565310492505356,0.0032119914346894858,0.020342612419700205,0.03640256959314774
2,rublev,0.05651672433679354,0.0034602076124567453,0.025374855824682872,0.5351787773933102,0.051903114186851285,0.10957324106113032,0.018454440599769282,0.06459054209919253,0.03114186851211069,0.061130334486735806,0.006920415224913491,0.035755478662053065
