,model_name,f1,f2,f3,f4,f5,f6,f7,f8,f9,f10,f11,f12
0,model_sum,0.00025756758082715725,0.01004513565225922,0.02206495609085995,0.7020311043516662,0.021598881420791784,0.07345582102732658,0.010682922042878781,0.053770298778393795,0.02107148113624093,0.030527890889466745,0.024199087474856485,0.030294853554432538
