,model_name,f1,f2,f3,f4,f5,f6,f7,f8,f9,f10,f11,f12
0,model_sum,0.021650982446062568,0.004823531399415421,0.03488823936880161,0.4939600263562488,0.02715031509233138,0.07847741979083948,0.07525046883711511,0.012113737349845435,0.11641521228606662,0.03588504620791024,0.05512003919647231,0.04426498166889114
