,model_name,f1,f2,f3,f4,f5,f6,f7,f8,f9,f10,f11,f12
0,model_sum,0.01648327778915556,0.005728187273866925,0.03662192102176463,0.382429421657885,0.13833292993986324,0.07374032631428701,0.02625781186969776,0.04949948179454243,0.014267716730899322,0.02466906220327306,0.11513470238870999,0.1168351610160551
